video_filename;class
1.mp4;2
10.mp4;4
100.mp4;4
101.mp4;3
102.mp4;3
103.mp4;1
104.mp4;1
105.mp4;3
106.mp4;1
107.mp4;1
108.mp4;1
109.mp4;1
11.mp4;3
110.mp4;1
111.mp4;4
112.mp4;1
113.mp4;3
114.mp4;3
115.mp4;2
116.mp4;3
117.mp4;4
118.mp4;3
119.mp4;4
12.mp4;4
120.mp4;3
121.mp4;3
122.mp4;4
123.mp4;3
124.mp4;4
125.mp4;4
126.mp4;2
127.mp4;3
128.mp4;3
129.mp4;4
13.mp4;3
130.mp4;3
131.mp4;3
132.mp4;3
133.mp4;4
134.mp4;4
135.mp4;1
136.mp4;1
137.mp4;3
138.mp4;3
139.mp4;2
14.mp4;1
140.mp4;3
141.mp4;4
142.mp4;1
143.mp4;2
144.mp4;1
145.mp4;4
146.mp4;3
147.mp4;3
148.mp4;4
149.mp4;3
15.mp4;1
150.mp4;1
151.mp4;2
152.mp4;1
153.mp4;4
154.mp4;4
155.mp4;2
156.mp4;1
157.mp4;1
158.mp4;2
159.mp4;1
16.mp4;2
160.mp4;4
161.mp4;3
162.mp4;1
163.mp4;1
164.mp4;2
165.mp4;4
166.mp4;3
167.mp4;2
168.mp4;2
169.mp4;1
17.mp4;1
170.mp4;4
171.mp4;1
172.mp4;4
173.mp4;3
174.mp4;4
175.mp4;4
176.mp4;2
177.mp4;3
178.mp4;3
179.mp4;3
18.mp4;1
180.mp4;4
181.mp4;1
182.mp4;3
183.mp4;2
184.mp4;2
185.mp4;2
186.mp4;2
187.mp4;1
188.mp4;1
189.mp4;4
19.mp4;4
190.mp4;3
191.mp4;1
192.mp4;2
193.mp4;2
194.mp4;2
195.mp4;4
196.mp4;3
197.mp4;1
198.mp4;4
199.mp4;4
2.mp4;1
20.mp4;2
200.mp4;4
201.mp4;4
202.mp4;2
203.mp4;2
204.mp4;3
205.mp4;1
206.mp4;4
207.mp4;1
208.mp4;1
209.mp4;1
21.mp4;2
210.mp4;4
211.mp4;1
212.mp4;2
213.mp4;2
214.mp4;1
215.mp4;3
216.mp4;3
217.mp4;1
218.mp4;2
219.mp4;3
22.mp4;4
220.mp4;3
221.mp4;4
222.mp4;4
223.mp4;4
224.mp4;3
225.mp4;4
226.mp4;4
227.mp4;2
228.mp4;1
229.mp4;1
23.mp4;3
230.mp4;1
231.mp4;3
232.mp4;3
233.mp4;3
234.mp4;1
235.mp4;3
236.mp4;4
237.mp4;3
238.mp4;2
239.mp4;2
24.mp4;2
240.mp4;2
25.mp4;1
26.mp4;1
27.mp4;3
28.mp4;4
29.mp4;1
3.mp4;4
30.mp4;1
31.mp4;3
32.mp4;2
33.mp4;4
34.mp4;4
35.mp4;3
36.mp4;3
37.mp4;2
38.mp4;1
39.mp4;1
4.mp4;4
40.mp4;4
41.mp4;3
42.mp4;1
43.mp4;2
44.mp4;1
45.mp4;2
46.mp4;3
47.mp4;4
48.mp4;1
49.mp4;3
5.mp4;3
50.mp4;1
51.mp4;1
52.mp4;4
53.mp4;1
54.mp4;2
55.mp4;2
56.mp4;3
57.mp4;4
58.mp4;4
59.mp4;3
6.mp4;3
60.mp4;2
61.mp4;2
62.mp4;3
63.mp4;4
64.mp4;2
65.mp4;4
66.mp4;2
67.mp4;1
68.mp4;1
69.mp4;2
7.mp4;2
70.mp4;1
71.mp4;1
72.mp4;4
73.mp4;4
74.mp4;1
75.mp4;1
76.mp4;4
77.mp4;4
78.mp4;1
79.mp4;3
8.mp4;1
80.mp4;1
81.mp4;3
82.mp4;2
83.mp4;3
84.mp4;4
85.mp4;1
86.mp4;3
87.mp4;1
88.mp4;2
89.mp4;1
9.mp4;3
90.mp4;4
91.mp4;4
92.mp4;4
93.mp4;1
94.mp4;3
95.mp4;3
96.mp4;3
97.mp4;2
98.mp4;3
99.mp4;1
